words,0
,2425
the,2018
and,1347
to,1004
of,787
for,762
data,752
in,690
health,413
a,378
are,328
is,311
b,292
sample,250
be,246
on,244
or,235
from,227
variables,222
with,209
sas,208
that,206
this,205
by,201
variable,185
national,184
using,183
analysis,179
survey,177
research,177
used,176
nhis,162
file,160
study,160
as,149
were,146
kindratt,141
non,139
epidemiology,138
big,136
use,136
hispanic,134
each,130
not,127
results,126
files,122
adults,120
chapter,120
provided,119
tiffany,119
hints,118
care,116
case,116
born,112
other,112
will,108
us,107
between,106
among,104
box,103
adult,102
table,99
meps,99
years,99
statistical,98
surveys,98
an,95
include,91
determine,89
brfss,88
collected,88
may,86
can,86
public,86
questions,85
design,83
you,83
was,83
have,82
eg,78
nhanes,78
it,76
should,75
example,75
how,75
independent,73
their,72
person,72
regression,72
all,72
programming,71
program,69
dependent,69
logistic,69
section,68
at,68
responses,67
overview,66
information,64
specific,63
studies,63
statements,62
household,62
objective,61
race,60
provider,60
no,60
mail,59
your,59
e,58
ethnicity,58
dataset,57
cycle,56
h,56
cancer,55
year,55
includes,55
more,55
details,54
who,53
create,53
foreign,53
procedures,52
sex,52
available,50
adrd,50
arab,49
there,48
methods,48
vaccine,48
medical,48
age,48
analytic,47
region,47
has,47
complex,47
textbook,47
square,46
chi,46
statement,45
whites,45
associations,44
also,44
tests,44
differences,44
step,44
included,43
these,43
including,43
which,43
recoded,43
metro,43
must,42
conducting,42
previous,42
response,41
level,41
participants,41
collection,41
primary,40
annual,40
sampling,40
caregiving,40
communication,40
been,40
status,40
conducted,40
weight,39
individuals,39
examples,39
ci,38
whether,38
after,38
open,38
white,38
months,38
secondary,37
association,37
answer,37
services,37
experiences,37
proc,37
ppc,36
following,36
covariates,36
if,36
prior,36
only,35
estimates,35
aims,34
they,34
factors,34
website,34
such,34
folder,34
two,33
original,33
flu,33
when,33
run,33
model,32
sedentary,32
number,32
aim,32
question,32
up,32
final,32
uptake,32
name,31
self,31
some,31
context,31
models,31
examination,31
click,31
interview,31
instructions,31
patient,30
first,30
behavior,30
hit,30
combined,30
descriptive,30
states,30
odds,30
analyses,29
related,29
frequencies,29
full,29
introduction,29
internet,29
influenza,29
compared,28
black,28
meet,28
renamed,28
reported,28
presentations,28
panel,28
p,28
during,28
download,28
yes,28
questionnaire,28
less,28
since,27
procedure,27
presented,27
conduct,27
past,27
screening,27
providers,27
caregivers,27
selected,27
basic,27
provides,27
than,27
interviews,27
access,27
any,27
geographic,27
ages,26
had,26
new,26
through,26
one,26
multiple,26
need,26
know,26
groups,26
statistics,26
family,26
racial,26
state,26
about,26
outcome,25
i,25
additional,25
american,25
older,25
writing,25
texas,25
ethnic,25
based,25
birth,25
limitations,25
weighting,24
weighted,24
always,24
child,24
common,24
group,24
large,24
crude,24
statistically,24
several,24
complete,23
asian,23
weights,23
categorical,23
consolidated,23
recommended,23
physical,23
receiving,23
findings,23
save,23
syntax,23
explore,23
practice,23
same,22
changes,22
inferential,22
significant,22
type,22
poster,22
americans,22
multivariable,22
made,22
quality,22
asked,22
middle,22
associated,22
behaviors,22
features,22
due,22
adjusted,22
adjusting,21
most,21
over,21
provide,21
did,21
steps,21
receive,21
what,21
presentation,21
reference,21
comparison,21
summary,21
students,21
nativity,21
communicate,21
stratification,21
likely,21
often,21
those,21
trends,20
pandemic,20
professional,20
abstracts,20
chapters,20
hours,20
however,20
test,20
needed,20
system,20
diabetes,20
within,19
rename,19
do,19
refused,19
text,19
minority,19
preventive,19
donbyt,19
computer,19
time,19
characteristics,19
under,19
description,19
options,19
because,19
created,19
instead,18
important,18
unit,18
across,18
qualities,18
stratum,18
clustering,18
limited,18
colon,18
then,18
describe,18
follow,18
education,18
surveillance,18
running,18
last,18
higher,18
colleagues,18
discussion,18
total,18
format,18
activity,18
creating,17
purpose,17
compare,17
calculate,17
contributing,17
analyzing,17
core,17
adherence,17
ascertained,17
oral,17
into,17
disease,17
mortality,17
sections,17
allow,17
guidelines,17
figure,16
means,16
once,16
literature,16
manuscripts,16
east,16
location,16
gender,16
population,16
process,16
its,16
laboratory,16
five,16
hita,16
phone,16
reporting,16
work,16
risk,16
topics,16
telephone,16
while,16
similar,16
times,16
standard,16
bnob,16
scientific,16
strengths,16
tgallfinwt,16
represent,15
online,15
restricted,15
urban,15
repository,15
four,15
knowledge,15
examined,15
covers,15
libname,15
exposure,15
permanent,15
recode,15
recoding,15
europe,15
rates,15
conditions,15
icpsr,15
usually,15
size,15
separated,15
before,15
objectives,15
cross,15
calculated,15
nutrition,15
adultsby,15
linked,14
tips,14
rural,14
account,14
cell,14
center,14
centers,14
usage,14
mobile,14
source,14
formats,14
n,14
outcomes,14
female,14
longitudinal,14
identified,14
bb,14
second,14
children,14
future,14
make,14
guideline,14
go,14
prescriptions,14
landline,14
prevalence,14
least,13
them,13
bmi,13
interest,13
meetings,13
enter,13
abstract,13
appointments,13
component,13
focused,13
administered,13
author,13
cluster,13
morbidity,13
combining,13
brief,13
screenings,13
obtain,13
manuscript,13
unadjusted,13
bs,13
male,13
collect,13
saq,13
caregiver,13
further,13
psu,13
confidence,13
input,13
factor,13
tables,13
so,13
merging,13
merge,13
personal,13
ability,12
potential,12
downloading,12
rate,12
communicating,12
being,12
where,12
recommendations,12
unweighted,12
content,12
units,12
recommend,12
perceptions,12
looking,12
saved,12
expenditure,12
renaming,12
march,12
percentages,12
comparisons,12
bw,12
researchers,12
downloaded,12
dr,12
paragraph,12
pre,12
paper,12
relationship,12
analyze,12
likelihood,12
uses,12
questionnaires,12
highlight,12
country,12
replicate,12
covered,12
utilization,12
programs,12
completed,12
designs,12
demonstrated,12
c,12
software,11
missing,11
published,11
background,11
social,11
needs,11
different,11
rank,11
modules,11
consistent,11
community,11
address,11
review,11
covid,11
order,11
filling,11
technology,11
web,11
individual,11
represented,11
cycles,11
like,11
practical,11
ways,11
visits,11
electronic,11
removed,11
received,11
easy,11
wilcoxon,10
range,10
set,10
surveyfreq,10
added,10
sociodemographic,10
journal,10
meeting,10
degree,10
creation,10
both,10
ensure,10
minutes,10
applied,10
sum,10
corresponding,10
library,10
collapsed,10
others,10
vaccination,10
sectional,10
journals,10
scheduling,10
reader,10
recipient,10
united,10
russia,10
rounds,10
binary,10
never,10
keep,10
types,10
measure,10
dissemination,10
inclusion,10
datasets,10
value,10
agep,10
sources,9
third,9
controlling,9
start,9
males,9
developed,9
continuous,9
increased,9
measures,9
specifically,9
approach,9
special,9
demographics,9
living,9
intervals,9
demo,9
course,9
strength,9
areas,9
hour,9
patients,9
would,9
values,9
expanded,9
we,9
found,9
fileb,9
enabling,9
samples,9
without,9
collects,9
nonhispanic,9
drive,9
change,9
numbers,9
dietary,9
my,9
present,9
written,9
predisposing,9
sizes,9
home,9
evaluated,9
publicly,9
optional,9
sleep,9
zip,9
moderated,9
professionals,9
activities,8
countries,8
representative,8
audience,8
whose,8
limit,8
report,8
reports,8
part,8
acknowledge,8
women,8
ststr,8
labels,8
therefore,8
byesb,8
databases,8
recap,8
preparing,8
practices,8
examinations,8
remove,8
families,8
innovation,8
category,8
physician,8
surveylogistic,8
support,8
persons,8
census,8
line,8
chronic,8
school,8
combine,8
mph,8
analytical,8
contribute,8
general,8
analysts,8
demographic,8
verify,8
main,8
next,8
beginning,8
aging,8
skills,8
highest,8
south,8
fulfil,8
virtual,8
slides,8
authors,8
basis,8
allows,8
focus,8
households,8
cleaning,8
result,8
understand,8
food,8
modified,8
but,8
frequency,8
bdata,8
although,7
evaluate,7
america,7
alzheimerbys,7
wtfasa,7
history,7
allowed,7
three,7
add,7
evaluating,7
examine,7
id,7
given,7
disparities,7
influence,7
furthermore,7
train,7
why,7
annually,7
females,7
doctor,7
documentation,7
indicate,7
lower,7
end,7
perwtf,7
cognitive,7
bias,7
iteration,7
obtained,7
live,7
sort,7
located,7
methodology,7
long,7
breast,7
participantsby,7
reviews,7
benefits,7
collecting,7
per,7
back,7
many,7
contexts,7
method,7
release,7
changed,7
sometimes,7
participant,7
strata,7
ordinal,7
article,7
period,7
asians,7
bt,7
movement,7
comprise,7
teaching,7
limitation,7
nchs,7
member,7
certain,7
blacks,7
behavioral,7
ratios,7
varpsu,6
wide,6
varstr,6
direct,6
cg,6
select,6
accurate,6
african,6
directly,6
give,6
best,6
greater,6
publication,6
scale,6
version,6
finally,6
filename,6
our,6
requirements,6
well,6
adherent,6
adjust,6
represents,6
overall,6
oversampled,6
representing,6
partial,6
want,6
fpx,6
frame,6
safety,6
coding,6
north,6
phd,6
bfile,6
college,6
diseases,6
federal,6
bnhisb,6
hispanics,6
unique,6
reduce,6
ppsu,6
known,6
assignments,6
effect,6
assistant,6
criteria,6
tobacco,6
predictor,6
efforts,6
categories,6
prepandemic,6
authorbys,6
recent,6
increase,6
calculating,6
email,6
costs,6
subgroups,6
able,6
reminder,6
university,6
metropolitan,6
easier,6
database,6
dichotomous,6
dallo,6
required,6
eastern,6
place,6
conclusions,6
million,6
conference,6
determining,6
houses,6
insurance,6
methodologies,6
determinants,6
counterparts,6
errors,5
projects,5
established,5
random,5
outline,5
explored,5
ethnically,5
readers,5
patientprovider,5
removing,5
ever,5
relation,5
remember,5
writer,5
replacing,5
write,5
perceived,5
populations,5
extend,5
pictures,5
word,5
require,5
items,5
out,5
useful,5
mentioned,5
hypertension,5
members,5
measurements,5
mean,5
srvyyr,5
identifies,5
master,5
major,5
improve,5
imrad,5
statewide,5
underrepresented,5
machine,5
u,5
income,5
lives,5
transport,5
stored,5
index,5
libraries,5
lets,5
labeled,5
institute,5
knowb,5
interpretation,5
temporary,5
society,5
monitor,5
west,5
smaller,5
respectively,5
respondents,5
week,5
option,5
onward,5
retired,5
office,5
note,5
nonmetro,5
saqwtf,5
view,5
gave,5
verifying,5
nh,5
graduate,5
grant,5
verification,5
see,5
hands,5
selection,5
names,5
vaccinations,5
healthrelated,5
sensitivity,5
named,5
shell,5
muscle,5
generate,5
kept,5
blood,5
comprehensive,5
datab,5
bnot,5
dc,5
death,5
another,5
bulk,5
condition,5
analyzed,5
divided,5
bottom,5
demonstrate,5
denote,5
already,5
drug,5
contains,5
designed,5
develop,5
dialing,5
bsas,5
differs,5
colorectal,5
digit,5
broad,5
codes,5
bachelorbys,5
actionable,5
clean,5
diverse,5
cdc,5
dementia,5
articles,5
continued,5
employment,5
bmissingb,5
appropriate,5
could,5
contents,5
below,5
roughly,4
randomly,4
storage,4
northeast,4
designated,4
ascertainedb,4
llcpwt,4
mann,4
nominal,4
differ,4
healthy,4
diet,4
asia,4
hsr,4
bdonbyt,4
despite,4
ndi,4
bdownloadsb,4
deviations,4
nationally,4
separate,4
structure,4
biases,4
housing,4
series,4
apply,4
describing,4
nursing,4
formal,4
spring,4
products,4
look,4
formatting,4
former,4
opened,4
brefusedb,4
clinical,4
freq,4
way,4
washington,4
displaying,4
making,4
offered,4
starting,4
funding,4
funnel,4
populous,4
reviewed,4
discrete,4
gerontological,4
get,4
managed,4
possible,4
managing,4
good,4
sessions,4
implications,4
racially,4
confounders,4
investigators,4
considered,4
sdmvpsu,4
day,4
pstrat,4
iterations,4
dates,4
jackknife,4
january,4
mena,4
men,4
throughout,4
key,4
kinesiology,4
d,4
systems,4
lab,4
current,4
measuring,4
lack,4
taylor,4
take,4
larger,4
largest,4
title,4
law,4
learn,4
investigator,4
prevention,4
learning,4
interval,4
races,4
updated,4
seasonal,4
link,4
described,4
unzip,4
depending,4
submitted,4
department,4
modification,4
linearization,4
increasing,4
counties,4
dementias,4
probability,4
arlington,4
area,4
cannot,4
defined,4
coverage,4
sdmvstra,4
decreased,4
midwest,4
presenting,4
interested,4
supplemental,4
conferences,4
foreignborn,4
produce,4
own,4
employed,4
resource,4
whitney,4
pbys,4
bivariate,4
yearbys,4
she,4
academy,4
xport,4
bcnhisb,4
check,4
field,4
does,4
exist,4
every,4
fill,4
figures,4
small,4
smoking,4
partner,4
particularly,4
smart,4
examining,4
excluded,4
editor,4
regular,4
peer,4
body,4
engage,4
words,4
face,4
periods,4
organizations,4
central,4
relative,4
english,4
requested,4
referred,4
faster,4
immunizations,3
presenter,3
exercise,3
impact,3
summaries,3
microsoft,3
existing,3
workers,3
exhibited,3
exhibit,3
much,3
international,3
subheadings,3
supplements,3
confident,3
illness,3
bonus,3
identify,3
december,3
satisfaction,3
supporting,3
phones,3
bed,3
identifier,3
driveby,3
beyond,3
driveb,3
wtintprp,3
residence,3
unable,3
subjective,3
institutionalized,3
capi,3
resources,3
bc,3
paq,3
concerns,3
early,3
alwaysb,3
s,3
moderator,3
socioeconomic,3
references,3
exposures,3
submit,3
monitoring,3
inapplicable,3
analysisb,3
bby,3
indicated,3
btablesb,3
institutes,3
pyramid,3
inputting,3
underrepresentation,3
initial,3
analyzedb,3
modalities,3
comprised,3
underway,3
individualsby,3
causally,3
worldwide,3
mother,3
subsections,3
prescription,3
restricts,3
mentor,3
masked,3
listed,3
block,3
entry,3
abilities,3
epidemiologic,3
counts,3
april,3
se,3
ascii,3
researcher,3
approval,3
bmx,3
match,3
pertaining,3
better,3
material,3
cervical,3
cost,3
elsewhere,3
employers,3
m,3
tense,3
term,3
controlled,3
control,3
looked,3
processes,3
testing,3
bxc,3
management,3
professor,3
youth,3
llcpv,3
security,3
tg,3
th,3
estimated,3
et,3
schedule,3
charges,3
slide,3
top,3
medicare,3
kine,3
medicine,3
systematic,3
assigned,3
assignment,3
bweb,3
evidence,3
providing,3
june,3
proxy,3
hypotheses,3
training,3
issues,3
tools,3
assessment,3
mbb,3
measured,3
meaningful,3
league,3
lead,3
lcpwtv,3
contacted,3
payments,3
later,3
xpt,3
assessing,3
language,3
landscape,3
crosssectional,3
applicable,3
together,3
principal,3
show,3
slightly,3
modify,3
aligns,3
automatically,3
disability,3
nsoc,3
reasons,3
browser,3
statisticsby,3
filled,3
going,3
goal,3
hhx,3
nwgt,3
o,3
outlined,3
find,3
geography,3
statementsb,3
codebooksb,3
green,3
service,3
disabilities,3
nparway,3
cares,3
variety,3
combination,3
healthcare,3
headings,3
stratified,3
having,3
none,3
bsample,3
outside,3
advantages,3
versions,3
brunb,3
outputs,3
served,3
regional,3
plan,3
codebook,3
points,3
fourth,3
clicking,3
doctorbys,3
webbased,3
records,3
policy,3
recruited,3
administration,3
focuses,3
birthday,3
form,3
addition,3
classification,3
divide,3
biospecimens,3
fmx,3
backb,3
portals,3
clusters,3
ged,3
wake,3
gathering,3
gap,3
gain,3
starts,3
code,3
oer,3
finwt,3
off,3
disseminate,3
co,3
standards,3
cmcs,3
old,3
variance,3
groundwork,3
nci,3
hs,3
ussr,3
al,3
accuracy,3
commonly,3
uta,3
father,3
agency,3
strengthening,3
determined,3
sorting,3
pilot,3
oversampling,3
nations,3
precautions,3
development,3
ahrq,3
compiled,3
few,3
bp,3
users,3
high,3
align,3
husband,3
balance,2
citations,2
begins,2
shingles,2
bar,2
processing,2
structured,2
materials,2
meals,2
plasma,2
platforms,2
page,2
standing,2
sexual,2
selfgender,2
teach,2
six,2
composition,2
seeing,2
seen,2
bathing,2
mortensen,2
orders,2
subheading,2
contact,2
measurement,2
comprising,2
payment,2
preliminary,2
stated,2
strongly,2
portal,2
spanish,2
principles,2
mailing,2
stata,2
panels,2
mailings,2
sitting,2
majority,2
student,2
cdcb,2
technical,2
sentences,2
stage,2
multi,2
subcontinent,2
clear,2
telephones,2
perform,2
selfreported,2
cahpsb,2
pad,2
calculation,2
components,2
preference,2
spouses,2
sponsored,2
periodic,2
civilian,2
perceive,2
mass,2
ongoing,2
cm,2
class,2
studied,2
beliefs,2
pneumonia,2
someone,2
bdatb,2
sexvar,2
precision,2
marital,2
sister,2
clinically,2
team,2
physiology,2
pencil,2
bdependent,2
people,2
origin,2
mixed,2
narrow,2
cati,2
successful,2
mexico,2
supplement,2
supplementary,2
attitudes,2
seqn,2
network,2
become,2
bascii,2
mode,2
separately,2
confidentiality,2
selecting,2
collectively,2
messaging,2
powerpoint,2
calls,2
poverty,2
modeled,2
associatebys,2
nhs,2
presenters,2
communicated,2
minor,2
practicing,2
bcb,2
concordance,2
canadian,2
paragraphs,2
campus,2
suitable,2
checklists,2
comfort,2
caribbean,2
networking,2
carlson,2
asthma,2
checked,2
came,2
military,2
nhats,2
summarize,2
conclusion,2
overlapping,2
store,2
piloted,2
cardiovascular,2
california,2
modes,2
short,2
medications,2
systematically,2
subsample,2
overseas,2
outlines,2
bcmepsb,2
socioeconomics,2
comparative,2
nurse,2
positions,2
bcnhis,2
obligations,2
cholesterol,2
preceding,2
median,2
parents,2
ph,2
observational,2
nutrients,2
primarily,2
associate,2
comorbid,2
communications,2
menu,2
necessary,2
participation,2
surveyed,2
assisted,2
attend,2
moderate,2
belt,2
called,2
survivorship,2
caregiverbys,2
partners,2
stem,2
causes,2
posters,2
numeric,2
outlining,2
surveymeans,2
assistance,2
money,2
k,2
tendency,2
revised,2
w,2
recipients,2
reviewers,2
recently,2
glucose,2
billing,2
goals,2
brother,2
discovery,2
government,2
revision,2
graduates,2
advanced,2
villani,2
vigorous,2
ridageyr,2
geographically,2
genetics,2
director,2
fully,2
waves,2
friend,2
friends,2
disseminated,2
front,2
adoption,2
ft,2
wanted,2
recodes,2
functions,2
funded,2
display,2
adtlhw,2
g,2
gaps,2
gather,2
ridreth,2
vertical,2
utabys,2
diabwf,2
highlights,2
hint,2
his,2
hiscodi,2
diagnostic,2
bsasout,2
vaccines,2
agenew,2
varcluster,2
hitscale,2
hiv,2
deviation,2
agreement,2
role,2
utilized,2
house,2
rationale,2
agelast,2
guide,2
hc,2
diploma,2
advisor,2
aerobic,2
africa,2
handle,2
difficult,2
read,2
hdatby,2
again,2
varstratum,2
differed,2
heart,2
reach,2
helps,2
her,2
lu,2
distancing,2
freedom,2
free,2
x,2
events,2
effective,2
evertestedcolonca,2
bmxbmi,2
bnewb,2
exact,2
replication,2
educational,2
efficacy,2
educ,2
exclusion,2
book,2
residing,2
explanatory,2
remained,2
accessibility,2
even,2
effort,2
framework,2
younger,2
requires,2
encouraged,2
zero,2
bmepsb,2
england,2
yourself,2
enough,2
employ,2
either,2
youb,2
york,2
yield,2
estimate,2
ethical,2
ethnicities,2
eliminate,2
accessible,2
dupersid,2
relevant,2
dmdborn,2
acs,2
document,2
regardless,2
flunew,2
flusht,2
fluvacyr,2
regarding,2
brca,2
working,2
footnotes,2
adezun,2
distributions,2
recreational,2
foundation,2
breaking,2
adopted,2
documents,2
finding,2
financial,2
regionbr,2
workforce,2
accessing,2
respite,2
fashion,2
acculturation,2
dressing,2
feedback,2
feeding,2
respondent,2
fewer,2
wife,2
down,2
wider,2
bit,2
regions,2
uthealth,2
here,2
bdatab,2
islands,2
irb,2
iran,2
involves,2
light,2
saving,2
dcs,2
treatment,2
burden,2
cover,2
interviewed,2
tricks,2
sasbcat,2
publish,2
interpret,2
twice,2
bflagb,2
answering,2
search,2
typeb,2
typically,2
prohibit,2
intensities,2
bformassas,2
themselves,2
integrate,2
bformats,2
intake,2
decision,2
insulin,2
appointment,2
pstratum,2
count,2
crgvalzd,2
protect,2
protein,2
titles,2
crosstabulation,2
lays,2
applications,2
learners,2
labeling,2
crgvper,2
labbys,2
currently,2
led,2
curricula,2
topic,2
kindrattbys,2
bwe,2
anxiety,2
kg,2
dat,2
screen,2
crgvhrs,2
providersby,2
crgvhou,2
scheduled,2
kbb,2
significantly,2
databaseb,2
pseudo,2
j,2
instruments,2
limits,2
list,2
implemented,2
departments,2
unpaid,2
longer,2
andersenbys,2
bteach,2
quicker,2
incentive,2
until,2
inability,2
descending,2
imputed,2
improved,2
imprace,2
racethx,2
unnecessary,2
coordination,2
immigrants,2
tertiary,2
alliance,2
love,2
identifying,2
terms,2
terminology,2
designing,2
row,2
icd,2
benefit,2
alcohol,2
inclusive,2
bthe,2
understanding,2
correct,2
literate,2
seat,2
deeper,2
llcpsasb,2
degrees,2
informal,2
influences,2
proficiency,2
delayed,2
understandb,2
asks,2
bxcmeps,2
unmet,2
delineated,2
crgvrel,2
bxcnhis,2
incorporate,2
quarter,2
amounts,2
quarters,2
tested,2
bhints,2
showed,1
blank,1
bdelete,1
researchersby,1
sed,1
beneficial,1
seeking,1
shifted,1
respective,1
belong,1
bliterature,1
residents,1
resided,1
beverage,1
residencies,1
season,1
scope,1
respect,1
shown,1
showing,1
blistened,1
residential,1
researchbs,1
researcherbys,1
resides,1
shorter,1
screeningsbs,1
rotating,1
shells,1
bheartb,1
reviewb,1
sampled,1
bgive,1
sets,1
became,1
bdocumentationb,1
bhc,1
samadultdatby,1
bdomainb,1
revisions,1
riagendr,1
samadult,1
salad,1
sequence,1
bexamination,1
selfefficacy,1
right,1
bijal,1
bhintsb,1
bhow,1
risks,1
biased,1
rules,1
rule,1
sensitive,1
robust,1
room,1
sent,1
settings,1
billmeier,1
reverse,1
bfollow,1
bdemographic,1
respond,1
bexemptb,1
respondentb,1
sharing,1
scholar,1
responds,1
bexplained,1
shared,1
birthdayb,1
share,1
seenb,1
began,1
responsibility,1
sexually,1
restate,1
restaurant,1
biological,1
binomial,1
sentence,1
bdemographics,1
retrospective,1
reusability,1
scales,1
bexposureb,1
bfamily,1
bfb,1
retirement,1
enables,1
simple,1
variations,1
agencies,1
validity,1
validate,1
agree,1
uv,1
utilize,1
usyr,1
alignment,1
useb,1
alleviate,1
usbrthpl,1
usborn,1
usages,1
allostatic,1
urine,1
vaping,1
ag,1
vs,1
africans,1
volunteering,1
voice,1
vital,1
visual,1
adultsthis,1
visit,1
viruses,1
views,1
viewer,1
advances,1
video,1
very,1
versus,1
vegetable,1
vary,1
urbrrl,1
allowing,1
alone,1
update,1
typing,1
answered,1
twitter,1
try,1
true,1
tries,1
trials,1
trial,1
answers,1
treated,1
anthropometry,1
transmitted,1
transmission,1
transitioned,1
transition,1
annotated,1
ulrichbys,1
animations,1
universities,1
alternative,1
unstructured,1
unrelated,1
unreadable,1
unmarried,1
unknown,1
amid,1
unclear,1
analyzeb,1
undiagnosed,1
underweight,1
underrepresent,1
underneath,1
undergraduate,1
vote,1
wages,1
simplex,1
accept,1
wtfap,1
wtfal,1
wtfahh,1
wtfafam,1
wtfaa,1
wtfa,1
wrote,1
accepted,1
accepting,1
writes,1
accessed,1
worst,1
workplace,1
accompany,1
womenbys,1
wtfas,1
wtfasc,1
waiter,1
wtintyr,1
zoom,1
aarp,1
yrfss,1
youtube,1
abides,1
yet,1
ac,1
yearsby,1
academia,1
xiv,1
xiii,1
xii,1
xiao,1
xi,1
wtmecprp,1
accordance,1
accumulate,1
accumulation,1
williamson,1
addresses,1
addressing,1
adinst,1
weightb,1
administer,1
websites,1
administrative,1
webcams,1
adolescent,1
adopt,1
wchisqb,1
wchisq,1
wallis,1
walk,1
waitress,1
wellness,1
went,1
additionally,1
whole,1
accurately,1
acid,1
wic,1
acknowledgement,1
acknowledgment,1
whom,1
acknowledgments,1
adding,1
action,1
active,1
actual,1
whereas,1
adappt,1
adapted,1
transfer,1
antibodies,1
traditional,1
strategy,1
straight,1
audiometry,1
still,1
august,1
auspices,1
stayat,1
stay,1
authenticity,1
authorship,1
avenue,1
average,1
award,1
awareness,1
away,1
stateb,1
audiencebys,1
stratify,1
track,1
stratp,1
attempting,1
attempts,1
studentsby,1
attendance,1
structuring,1
structures,1
strong,1
stroke,1
strobe,1
stressful,1
attended,1
attending,1
streamlined,1
streamline,1
attention,1
bacceptb,1
stand,1
st,1
badjustedb,1
bbrfssb,1
solidified,1
solely,1
sociodemographics,1
bcbrfssb,1
bchintshints,1
bclassb,1
slight,1
skipped,1
skin,1
skill,1
bconclusionsb,1
bcrudeb,1
bctrlb,1
simplicity,1
bbivariate,1
sons,1
sophisticated,1
balwaysb,1
spread,1
spouse,1
split,1
specimens,1
specify,1
balasubramanian,1
specialty,1
sorted,1
space,1
southeast,1
barriers,1
basics,1
soup,1
sought,1
subcomponent,1
subfolder,1
attempt,1
temporality,1
thing,1
approximately,1
arlingtonbys,1
around,1
asciib,1
textbookbys,1
ask,1
asking,1
asme,1
aspect,1
territories,1
tenure,1
tenth,1
tend,1
ten,1
things,1
approve,1
approvals,1
told,1
tracing,1
towards,1
tortilla,1
anyone,1
tool,1
tony,1
apartment,1
thorough,1
titled,1
application,1
timeline,1
timeframe,1
applying,1
thumb,1
aspects,1
temporal,1
subjects,1
temperature,1
sure,1
supports,1
supported,1
assortment,1
supermarket,1
sun,1
assumptions,1
astatflg,1
suicide,1
suggests,1
sufficient,1
suffer,1
substantially,1
subsection,1
submission,1
surprised,1
assistants,1
survivors,1
tasks,1
assess,1
telemedicine,1
assessed,1
techniques,1
assesses,1
teachable,1
talkdoctor,1
swab,1
talk,1
taking,1
taken,1
tailored,1
t,1
symptomatic,1
teams,1
cereal,1
blocks,1
decides,1
intervention,1
decennial,1
interoperability,1
decide,1
internal,1
intermediate,1
interim,1
interests,1
interaction,1
inperson,1
integration,1
integral,1
instruction,1
institutions,1
institutional,1
dedicated,1
deemed,1
insignificant,1
interventions,1
deaths,1
interviewing,1
dean,1
dallas,1
kindergarten,1
kidney,1
keller,1
kcal,1
just,1
july,1
datasetsb,1
ix,1
david,1
days,1
issue,1
involved,1
investigationb,1
investigated,1
inverted,1
introduced,1
insert,1
injections,1
dakota,1
impactful,1
dermatology,1
improvement,1
importing,1
describes,1
importance,1
import,1
implement,1
impairment,1
immigrant,1
inform,1
illustrated,1
iii,1
ie,1
identification,1
icjme,1
destroy,1
detail,1
hybrid,1
inapplicableb,1
incidence,1
derived,1
depth,1
deidentified,1
infile,1
delays,1
infants,1
individualbys,1
delivery,1
indicators,1
indian,1
india,1
incurred,1
demonstrates,1
incorporating,1
incorporates,1
incorporated,1
inconsistent,1
incomplete,1
depression,1
kitzman,1
kruskal,1
hud,1
lsaqwt,1
mammogram,1
contrast,1
contribution,1
convened,1
convenience,1
convenient,1
conversation,1
lung,1
ls,1
local,1
lowest,1
lowered,1
conversations,1
convert,1
longwt,1
coordinators,1
copies,1
copy,1
mammograms,1
manage,1
manner,1
mannwhitney,1
mediators,1
medians,1
media,1
consumption,1
contacts,1
meaning,1
contain,1
me,1
mcg,1
maxwell,1
masterbys,1
masking,1
marijuana,1
marginals,1
contextual,1
contextualize,1
continue,1
locate,1
load,1
l,1
learned,1
cox,1
cr,1
lewis,1
levels,1
letters,1
letbys,1
length,1
left,1
laws,1
llcpwgt,1
latino,1
largely,1
crosses,1
land,1
laid,1
lacked,1
cstatflg,1
label,1
covering,1
licensed,1
life,1
lighting,1
llcpascby,1
llcp,1
correctional,1
corrections,1
lived,1
little,1
links,1
linking,1
linkages,1
linear,1
limiting,1
counting,1
limitationsb,1
couples,1
courses,1
likert,1
covariate,1
human,1
https,1
bmaterials,1
dummy,1
feet,1
fees,1
dream,1
fda,1
fasting,1
fall,1
fair,1
fails,1
facilities,1
explanations,1
f,1
eye,1
extracted,1
extensive,1
extends,1
dwelling,1
expo,1
earlier,1
drawn,1
draw,1
fifth,1
double,1
folic,1
doctoral,1
folate,1
doctorate,1
fmtsearchb,1
doctorsby,1
flowchart,1
florence,1
fitness,1
documented,1
findability,1
documentsb,1
doing,1
filesb,1
doiorg,1
domain,1
done,1
exploration,1
explained,1
followback,1
entrylevel,1
else,1
emergency,1
essential,1
emotional,1
erin,1
equivalent,1
emphasize,1
environmental,1
enrollees,1
experimental,1
enrolled,1
enhanced,1
energy,1
endnote,1
ending,1
endeavors,1
encounter,1
encompass,1
elliot,1
elect,1
ev,1
everything,1
easily,1
experience,1
eaten,1
expected,1
expands,1
editions,1
expand,1
exclusive,1
excludes,1
exclude,1
excel,1
eds,1
educators,1
educnew,1
exam,1
exactness,1
evolved,1
followb,1
followed,1
hrs,1
hand,1
heritage,1
hemoglobin,1
help,1
height,1
healthb,1
heading,1
difference,1
handbook,1
hair,1
grandmother,1
difficulties,1
guiding,1
directions,1
guidance,1
growth,1
grouping,1
grouped,1
grocery,1
herpes,1
dietetics,1
diane,1
highlighted,1
hps,1
detailed,1
detection,1
developing,1
housed,1
developmental,1
hosting,1
hospital,1
homogeneous,1
homes,1
homemaker,1
hitanew,1
diagnosed,1
diagnosis,1
hispanicb,1
hisp,1
highlighting,1
disadvantages,1
grandfather,1
divisions,1
formulas,1
frequenciesb,1
freqgoprovider,1
framed,1
distinct,1
distracting,1
distress,1
distributed,1
forth,1
formulaic,1
grandchild,1
forms,1
formerly,1
formatb,1
formally,1
diversity,1
forced,1
foods,1
font,1
disseminating,1
fruit,1
functioning,1
dispersion,1
graduation,1
disaggregate,1
grade,1
google,1
goodquality,1
disaggregated,1
glycohemoglobin,1
disaggregation,1
disagree,1
gimpel,1
getting,1
generalizability,1
discuss,1
discussed,1
discusses,1
gary,1
disparity,1
medicaid,1
consumer,1
medication,1
previously,1
bzipb,1
problems,1
probably,1
private,1
prisons,1
prisma,1
priority,1
calibrated,1
call,1
caregiv,1
prevent,1
pressure,1
presents,1
cameron,1
preparation,1
pregnancy,1
preferred,1
carefully,1
bxdata,1
produced,1
producing,1
production,1
bvariable,1
providerbys,1
bwhat,1
bwhite,1
protocol,1
proposed,1
proposals,1
proposal,1
proportions,1
proper,1
promotes,1
promote,1
bworkb,1
project,1
prohibits,1
bxbrfssby,1
bxcbrfss,1
predictors,1
predicted,1
psup,1
pharmacy,1
pin,1
pilotb,1
piece,1
causality,1
physically,1
causation,1
photo,1
cause,1
perwtff,1
predetermined,1
perspective,1
personsxdatby,1
personnel,1
cellular,1
centered,1
permission,1
chair,1
challenge,1
piqued,1
placeholder,1
platform,1
point,1
precise,1
practitioners,1
cases,1
casual,1
power,1
potentially,1
cat,1
potassium,1
catch,1
posted,1
postcard,1
post,1
portray,1
categorize,1
categorizes,1
policies,1
poisson,1
bvarb,1
psus,1
medicines,1
reflect,1
bpredictorb,1
relate,1
regressions,1
bprepandemicb,1
bpublic,1
refusedb,1
bquestionnaire,1
reflected,1
referencing,1
bright,1
reducing,1
breadth,1
redesigned,1
recruitment,1
recorded,1
recommends,1
bregionb,1
brfsssasdataby,1
bpermanentb,1
relations,1
boutcomeb,1
released,1
bmetropolitanb,1
representatives,1
representation,1
bmultivariableb,1
bnext,1
board,1
replaced,1
rephrase,1
repeat,1
rengroup,1
bonusb,1
boptions,1
borrell,1
bother,1
boundaries,1
reliable,1
reliability,1
briefly,1
brighton,1
psychological,1
purposes,1
bto,1
btxtb,1
quantitative,1
budget,1
builds,1
qualifies,1
px,1
put,1
pulse,1
broaden,1
pubmed,1
publishing,1
publishes,1
bulleted,1
publicuse,1
bunadjustedb,1
publications,1
bureau,1
btake,1
raceeth,1
rag,1
bstrengths,1
broader,1
receipt,1
reality,1
real,1
reading,1
readily,1
reached,1
re,1
ratio,1
bselected,1
rapidly,1
ranked,1
bsexb,1
ranging,1
bspent,1
rands,1
randomized,1
challenges,1
peers,1
pearson,1
multiply,1
completeness,1
completing,1
mutually,1
completion,1
complexity,1
multivariate,1
comply,1
multistage,1
multiplied,1
computers,1
multinomial,1
multidisciplinary,1
movements,1
comprises,1
compromise,1
monumental,1
computation,1
computerassisted,1
nac,1
complement,1
comparing,1
nasal,1
collaborating,1
nonrepresentative,1
nonmetropolitan,1
collapsing,1
colors,1
ninth,1
nine,1
nhischfile,1
combinations,1
come,1
comfortable,1
committee,1
neighborhood,1
necessarily,1
companion,1
nationals,1
nation,1
mokuria,1
module,1
peace,1
mentally,1
confirm,1
meta,1
messageb,1
conforming,1
merges,1
merged,1
mercury,1
consistency,1
mental,1
concentration,1
consistently,1
consists,1
mellitus,1
consort,1
meetingbys,1
constructs,1
consultant,1
medline,1
conferencing,1
methodsb,1
conducts,1
metstat,1
concise,1
modeling,1
conciseness,1
modality,1
mla,1
mixture,1
mirror,1
condensed,1
minute,1
minorityb,1
conditionb,1
migrant,1
might,1
conduction,1
michigan,1
mg,1
mexican,1
collaborated,1
collaborate,1
noted,1
overweight,1
chicago,1
pap,1
childbys,1
childcare,1
chisq,1
owns,1
owned,1
ovid,1
chisqb,1
nsfg,1
oversamples,1
chlamydia,1
overrepresentation,1
overrepresent,1
overlap,1
choice,1
choices,1
choose,1
paperand,1
paperonly,1
chfile,1
parentsby,1
pca,1
patterns,1
pattern,1
patientsby,1
changing,1
chapterbys,1
characteristicsb,1
pathway,1
paste,1
passive,1
parts,1
partnered,1
particular,1
participatory,1
participated,1
chat,1
checklist,1
choosing,1
cigarette,1
cigarettes,1
coalition,1
october,1
occurred,1
occur,1
occupational,1
occupation,1
obtaining,1
observations,1
coders,1
obese,1
nvss,1
nutritional,1
cohesion,1
numerous,1
numerical,1
cohort,1
numbered,1
col,1
odd,1
offerings,1
cite,1
offers,1
osteoporosis,1
ossom,1
originally,1
citizenship,1
orientation,1
organized,1
organizationsby,1
organization,1
clarity,1
classified,1
optionb,1
cleaned,1
opinion,1
clinic,1
oneb,1
closures,1
official,1
zotero,1
